Type,Name,Request Count,Failure Count,Median Response Time,Average Response Time,Min Response Time,Max Response Time,Average Content Size,Requests/s,Failures/s,50%,66%,75%,80%,90%,95%,98%,99%,99.9%,99.99%,100%
POST,/generate,1724,1724,510.0,511.72497929298055,489.0743000432849,982.9420000314713,75.0,3.8861921722277746,3.8861921722277746,510,510,520,520,530,540,560,610,890,980,980
,Aggregated,1724,1724,510.0,511.72497929298055,489.0743000432849,982.9420000314713,75.0,3.8861921722277746,3.8861921722277746,510,510,520,520,530,540,560,610,890,980,980
